<?xml version="1.0" encoding="utf-8"?>
<rss version="2.0" xmlns:sparkle="http://www.andymatuschak.org/xml-namespaces/sparkle"  xmlns:dc="http://purl.org/dc/elements/1.1/">
  <channel>
    <title>AdeeApp</title>
    <link>https://deetasker.com/adeerelease/publish/sketch/adeeapp-sketch-plugin-appcast.xml</link>
    <description>The most comprehensive free accessibility testing tool for inclusive design!</description>
    <language>en</language>
    <item>
      <title>Version 1.0.0</title>
      <description>
        <![CDATA[
          <ul>
            <li>First release</li>
            <li>Includes: color contrast, color blind and reporting tools</li>
          </ul>
        ]]>
      </description>
      <pubDate>Monday, 4 Jan 2020 0:00:00 +0000</pubDate>
      <enclosure url="https://deetasker.com/adeerelease/publish/sketch/adeeapp.sketchplugin.zip" sparkle:version="1.0.0" type="application/octet-stream" />
    </item>
    </channel>
</rss>